v,t,tdiff,log
4,0,0,1.386294361
3.75,116.85,14.36,1.32175584
3.5,131.22,18.38,1.252762968
3.25,149.62,20.36,1.178654996
3,169.25,21.73,1.098612289
2.75,191.17,23.88,1.011600912
2.5,215.67,25.54,0.9162907319
2.25,242.16,30.24,0.8109302162
2,271.45,32.91,0.6931471806
1.75,304.5,37.5,0.5596157879
1.5,341.92,43.3,0.4054651081
1.25,385.5,51.82,0.2231435513
1,437.13,63.3,0
0.75,500.28,82.46,-0.2876820725
0.5,582.75,116.9,-0.6931471806